code,title,author,category,shelf,quantity
1,luyện cát thành vàng,Jonathan Yabut,Kỹ năng mềm,FT1,2
3,Bình tĩnh khi ế mạnh mẽ khi yêu,Ellen fein sherrie schneider,Tâm lý - Giáo dục,FT1,1
4,Thế giới phẳng,Thomas L.friedman,Lịch sử - Địa lý,FT1,1
5,Tuổi trẻ 4.0,rocky scopelliti,Kinh tế - Quản trị,FT1,2
6,Mở lối tiên phong,FPT,Other,FT1,11
7,do big things,angela v. paccione,Kỹ năng mềm,FT1,1
8,Trở về không,Joe Vitale,Triết học - Tôn giáo - Tâm linh,FT1,1
9,Kỹ năng lập kế hoạch hiệu quả,shinamoto hidenori,Kỹ năng mềm,FT1,1
11,Tâm Tĩnh Lặng,Christoper K. Germer,Tâm lý - Giáo dục,FT1,1
12,search inside yourself,chade meng tan,Kinh tế - Quản trị,FT1,2
13,7 CÂU HỎI THẦN KỲ CỦA MỌI SẾP GIỎI,MICHAEL BUNGAY STANIER,Kỹ năng mềm,FT1,1
14,Bar blood máu bẩn,John Carreyrou,Kinh tế - Quản trị,FT1,1
15,Đâu phải vì yêu,Debbie Macomber,Văn học - Tiểu thuyết,FT1,1
16,Mặc kệ thiên hạ Sống như người Nhật,Mari Tamagawa,Tâm lý - Giáo dục,FT1,1
17,Trăng Non,Stephenie Meyer,Văn học - Tiểu thuyết,FT1,1
18,kỷ luật tích cực trong thực hành làm cha mẹ hàng ngày,joan e.durant,Kỹ năng mềm,FT1,1
20,NÚI THIÊNG (LINH SƠN),CAO HÀNH KIỆN,Văn học - Tiểu thuyết,FT1,1
21,Nhật thực,Stephenie Meyer,Văn học - Tiểu thuyết,FT1,1
22,Tản Văn,Giả Bình Ao,Văn học - Tiểu thuyết,FT1,1
23,Tôi không thích ồn ào,Ashley Davis Bush,Tâm lý - Giáo dục,FT1,1
25,Kỹ năng quản lý cảm xúc,khánh ca,Kỹ năng mềm,FT1,1
27,Cuộc đời thứ hai của Bree Tanner,Stephenie Meyer,Văn học - Tiểu thuyết,FT1,1
28,Software Engineering,Sommerville,Khoa học tự nhiên - Kỹ thuật,FT1,17
30,2030,mauro f. guillen,Kinh tế - Quản trị,FT1,1
31,7AHA KHƠI SÁNG TINH THẦN & GIẢI TỎA STRESS,MIKE GEORGE,Tâm lý - Giáo dục,FT1,1
34,Bình pháp tôn tử,Tôn vũ,Kỹ năng mềm,FT1,1
35,Tìm mình trong thế giới hậu tuổi thơ,Đặng Hoàng Giang,Pháp luật - Chính trị - Xã hội,FT1,1
36,Sự trỗi dậy và suy tàn của Đế chế thứ Ba - Lịch sử Đức Quốc Xã,William L.Shirer,Lịch sử - Địa lý,FT1,1
37,bạn là những gì bạn mong ước,jordanna levin,Tâm lý - Giáo dục,FT1,1
40,The Java tutorial continued the rest of the JDK,Mary compione, kathy ưalrath, alison huml and the tutorial team,Khoa học tự nhiên - Kỹ thuật,FT1,1
41,Bí quyết của thành công,David Niven,Kỹ năng mềm,FT1,1
44,làm đĩ,vũ trọng phụng,Văn học - Tiểu thuyết,FT1,1
46,PM chuyện tôi kể,Fsoft,Kinh tế - Quản trị,FT1,1
49,Đam mê bí quyết tạo thành công,Stephen R.Covey, Jennifer Colosimo,Kỹ năng mềm,FT1,1
52,TRU TIÊN,TIÊU ĐỈNH,Văn học - Tiểu thuyết,FT1,1
54,Dạy con làm giàu - tập x,rich dad’s,Kinh tế - Quản trị,FT1,1
57,Thần Thái Uy Nghi Dẫu Quỳ Vẫn Oai,Oopsy,Kỹ năng mềm,FT1,1
59,Thái độ quyết định thành công,Wayne Cordeiro,Tâm lý - Giáo dục,FT1,1
60,dạy con làm giàu - tập 9,Robert T.Kiyosaki,Kinh tế - Quản trị,FT1,1
61,Đùng lựa chọn an nhàn khi còn trẻ,Cảnh Thiên,Kỹ năng mềm,FT1,1
63,Nhà lãnh đạo kim cương - 7 bước xây dựng đội ngũ tài năng giúp doanh nghiệp tăng 300% lợi nhuận,Michelle Nguyen,Kỹ năng mềm,FT1,2
64,Sherlock Holmes 1: Chiếc nhẫn tình cờ,Conan Doyle,Văn học - Tiểu thuyết,FT1,1
65,Buổi sáng diệu kỳ,Hal Elrod, Pat Petrini,Kỹ năng mềm,FT1,1
67,Bí quyết gây dựng cơ nghiệp bạc tỷ,Adam Khoo,Kỹ năng mềm,FT1,1
70,Sherlock Holmes 2: Truy tìm dấu bộ tứ,Conan Doyle,Văn học - Tiểu thuyết,FT1,1
71,Hoàng cục kinh thế,triệu khang tiết,Triết học - Tôn giáo - Tâm linh,FT1,1
73,một đời quản trị,phan văn trường,Kinh tế - Quản trị,FT1,2
74,CHICKEN SOUP FOR THE TRAVELER'S SOUL: TRẢI NGHIỆM TỪ NHỮNG CHUYẾN ĐI,JACK CANFIELD, MARK VICTOR HANSEN, STEVE ZIKMAN,Kỹ năng mềm,FT1,1
76,Sherlock Holmes 3: Hồi ức về Sherlock Holmes,Conan Doyle,Văn học - Tiểu thuyết,FT1,1
78,Lấy tình thâm mà đổi đầu bạc,Vãn Tình,Văn học - Tiểu thuyết,FT1,1
79,từ tốt đến vĩ đại,jim collins,Kinh tế - Quản trị,FT1,3
80,Sống theo phương thức 80/20,Richard Koch,Kinh tế - Quản trị,FT1,1
81,Nghĩ Như Một Tỷ Phú,Donald J.TrumP and Meredith Mc IVER,Kinh tế - Quản trị,FT1,1
82,Du hành cùng Herodotus,Ryszard Kapuscinski,Hồi ký - Tiểu sử - Tự truyện,FT1,1
83,10 Câu nói Vạn năng,Rich Devos,Kỹ năng mềm,FT1,1
84,tứ thứ,diêm liên khoa,Văn học - Tiểu thuyết,FT1,1
85,Sherlock Holmes 3B: Những cuộc phiêu lưu của Sherlock Holmes,Conan Doyle,Văn học - Tiểu thuyết,FT1,1
86,Thấu hiểu tiếp thị từ A-Z,Philip Kotler,Kinh tế - Quản trị,FT1,1
87,Content Marketing trong kỷ nguyên 4.0,Alexander Jutkowitz,Kinh tế - Quản trị,FT1,1
89,Trà Hoa Nữ,Alexandre Dumas con,Văn học - Tiểu thuyết,FT1,1
90,Nữ sinh,Nguyễn Nhật Ánh,Văn học - Tiểu thuyết,FT1,1
91,Bí quyết thành công của steve jobs,Kim Thác Đao,Kinh tế - Quản trị,FT1,1
92,7 thói quen của bạn trẻ thành đạt,sean covey,Kỹ năng mềm,FT1,1
93,TANGRAM AKUTELL,GOETHE-INSTITUT VIETNAM,Ngoại ngữ,FT1,1
94,Những gì bạn biết về mình đều sai,Don Miguel Ruiz,Tâm lý - Giáo dục,FT1,1
95,TOEFL iBT :internet Based Test with 2 Audio CDs,Pamela J.Sharpe,Ngoại ngữ,FT1,1
96,Flat Eye,FPT Software,Khoa học tự nhiên - Kỹ thuật,FT1,3
97,Thuật thúc đẩy nhân viên,Brian Tracy,Kỹ năng mềm,FT1,1
98,Sherlock Holmes 3A: Những Cuộc Phiêu Lưu của Sherlock Holmes,Conan Doyle,Văn học - Tiểu thuyết,FT1,1
99,động lực chèo lái hành vi,daniel h pink,Kỹ năng mềm,FT1,2
101,Content hay nói thay nước bọt,MediaZ,Kỹ năng mềm,FT1,1
102,TOEFL WORD blash,Milada Broukal,Ngoại ngữ,FT1,1
103,Sherlock Holmes Toàn tập,Sir Arthur Conan Doyle,Văn học - Tiểu thuyết,FT1,1
105,Sherlock Holmes 5B: Sherlock Holmes Trở Lại,Conan Doyle,Văn học - Tiểu thuyết,FT1,1
106,Lãnh đạo bằng câu hỏi,Michael J.Marquardt,Kỹ năng mềm,FT1,1
107,hành trình tới thành công,jonh c maxwell,Kỹ năng mềm,FT1,1
108,Mê Cung Ảnh,Sergei Lukianenko,Văn học - Tiểu thuyết,FT1,1
109,Tôi có một chén rượu có thể xoa dịu hồng trần,Quan Đông Dã Khách,Văn học - Tiểu thuyết,FT1,1
111,NTC's Preparation for the TOEFL,Milada Broukal,Ngoại ngữ,FT1,1
112,phẩm chất vàng của nhà lãnh đạo 21,john c maxwell,Kỹ năng mềm,FT1,1
113,SECRETS OF POWER,RHONDA BYRNE,Kỹ năng mềm,FT1,1
114,nguyên tắc vàng trong làm việc nhóm,john c maxwell,Kỹ năng mềm,FT1,1
115,Bí mật ở Cannes,Trung Nghĩa,Nghệ thuật - Giải trí,FT1,1
116,Cuốn theo chiều gió,Margaret Mitchell,Văn học - Tiểu thuyết,FT1,1
117,làm chủ bộ não,david rock,Kỹ năng mềm,FT1,1
118,Bọ Cạp và câu chuyện tình yêu,Linda Goodman,Triết học - Tôn giáo - Tâm linh,FT1,1
119,TOEFL PRACTICE TESTS 2000,Bruce Rogers,Ngoại ngữ,FT1,1
120,10 điều khác biệt nhất giữa kẻ thắng và người thua,Keith Cameron Smith,Tâm lý - Giáo dục,FT1,1
121,TOEFL PRACTICE TESTS 2002,Bruce Rogers,Ngoại ngữ,FT1,1
122,Cuốn Theo Chiều Gió 2,Margaret Mitchell,Văn học - Tiểu thuyết,FT1,1
123,Start up nation,dan senor và saul singer,Kinh tế - Quản trị,FT1,5
124,Ỷ thiên đồ Long ký,Kim dung,Văn học - Tiểu thuyết,FT1,1
125,Quà tặng tinh thần dành cho phụ nữ,Jack Canfield & Mark Victor Hansen,Tâm lý - Giáo dục,FT1,1
126,Sherlock Holmes 6: Con Chó Của Dòng Họ Baskerville,Conan Doyle,Văn học - Tiểu thuyết,FT1,1
128,trại trẻ đặc biệt của cô peregrine,ransom riggs,Văn học - Tiểu thuyết,FT1,1
129,Hạt giống tâm hồn và tình yêu thương gia đình,Nhiều tác giả,Tâm lý - Giáo dục,FT1,1
130,Sừng Rượu Thề,Nghiêm Đa Văn,Văn học - Tiểu thuyết,FT1,1
131,Khoảng cách từ nói đến làm,Jeffrey Pfeffer,Kinh tế - Quản trị,FT1,1
133,Kính Vạn Hoa - Tóc ngắn tóc dài,Nguyễn Nhật Ánh,Văn học - Tiểu thuyết,FT1,1
134,HOW TO PREPARE FOR THE TOEIC BRIDGE TEST,Lin Lougheed,Ngoại ngữ,FT1,1
135,túp lều bác Tom,Harriet beecher stowe,Văn học - Tiểu thuyết,FT1,1
136,Đời thay đổi khi ta thay đổi 1,Andrew Matthews,Tâm lý - Giáo dục,FT1,1
138,Oxford Business English Dictionary for learners of English,Dilys Parkinson,Ngoại ngữ,FT1,2
139,báo ứng,philip roth,Văn học - Tiểu thuyết,FT1,1
141,Nếu biết trăm năm là hữu hạn,Phạm Lữ Ân,Văn học - Tiểu thuyết,FT1,1
142,SLEEPLESS NIGHTS AND KISSES FOR BREAKFAST: REFLECTIONS ON FATHERHOOD,MATTEO BUSSOLA,Hồi ký - Tiểu sử - Tự truyện,FT1,1
143,Trí tuệ do thái,Eran Katz,Kỹ năng mềm,FT1,1
144,Đời thay đổi khi chúng ta thay đổi,andrew Matthews,Tâm lý - Giáo dục,FT1,1
145,Kính Vạn Hoa - Má lúm đồng tiền,Nguyễn Nhật Ánh,Văn học - Tiểu thuyết,FT1,1
146,Sherlock Holmes 7: Thung Lũng Khủng Khiếp,Conan Doyle,Văn học - Tiểu thuyết,FT1,1
147,Ngôi trường mọi khi,Nguyễn Nhật Ánh,Văn học - Tiểu thuyết,FT1,1
148,15 năm FPT TPHCM,FPT,Other,FT1,2
149,Jeff bezos và kỷ nguyên amazon,Brad stone,Kinh tế - Quản trị,FT1,1
150,Quên hôm qua sống cho ngày mai,Tian Dayton, Ph.D,Tâm lý - Giáo dục,FT1,1
151,Cô gái đến từ hôm qua,Nguyễn Nhật Ánh,Văn học - Tiểu thuyết,FT1,1
152,thông điệp của nước,masaru emoto,Triết học - Tôn giáo - Tâm linh,FT1,1
153,Lịch sử thế giới,Nguyễn Hiến Lê- Thiên Giang,Lịch sử - Địa lý,FT1,1
154,The Prince (Quân Vương),Niccolo Machiavelli,Văn học - Tiểu thuyết,FT1,1
155,CON NGỰA THÀNH TROY: CUỘC PHIÊU LƯU VĨ ĐẠI NHẤT THẾ GIỚI,DAVID CLEMENT-DAVIES,Lịch sử - Địa lý,FT1,1
156,Sherlock Holmes 8: Cung Đàn Sau Cuối,Conan Doyle,Văn học - Tiểu thuyết,FT1,1
157,totto- chan bên cửa sổ,kuroyanagi tetsuko,Văn học - Tiểu thuyết,FT1,1
159,Sống thực tế giữa đời thực dụng,Mễ Mông,Tâm lý - Giáo dục,FT1,1
160,Giải Pháp Đột Phá,JAY ABRAHAM,Kinh tế - Quản trị,FT1,1
161,Bầu trời không chỉ có màu xanh,Lí Quý Trung,Kinh tế - Quản trị,FT1,1
162,Business English & Communication Skills,MDIS,Học liệu,FT1,1
163,săn mộ thông thiên la thành,hoàng yến,Văn học - Tiểu thuyết,FT1,1
164,Sống hạnh phúc,Andrew Matthews,Tâm lý - Giáo dục,FT1,1
165,Thai Giáo,Phạm Thị Thúy,Y học - Sức khỏe - Thể thao,FT1,1
166,Sherlock Holmes 9: Tàng Thư của Sherlock Holmes,Conan Doyle,Văn học - Tiểu thuyết,FT1,1
167,ZEPPELIN: THỜI ĐẠI CỦA KHÍ CẦU,ANDREW DONKIN,Lịch sử - Địa lý,FT1,1
168,ung thư,Ty bollinger,Y học - Sức khỏe - Thể thao,FT1,1
169,Kế Bạn,Andrew Matthews,Tâm lý - Giáo dục,FT1,1
170,90 ngày đầu tiên làm sếp,Michael Watkins,Kinh tế - Quản trị,FT1,1
171,Đường Xưa Mây Trắng,Thích Nhất Hạnh,Triết học - Tôn giáo - Tâm linh,FT1,2
172,Xuất Khẩu Cười,Lê Hoàng,Văn học - Tiểu thuyết,FT1,1
173,Lần đầu làm sếp,Loren B.Belker & Gary S.Topchik,Kinh tế - Quản trị,FT1,1
174,Hayx theo trái tim của bạn,Andrew Matthews,Tâm lý - Giáo dục,FT1,1
175,SOUND ADVICE: A BASIS FOR LEARNING,STACY A.HAGEN,Ngoại ngữ,FT1,1
176,những mẫu chuyển lịch sử văn minh thế giới,đặng đức an,Tâm lý - Giáo dục,FT1,1
177,Tuyển tập chúng ta 10 năm,FPT Software,Other,FT1,2
178,Kim cương trong mỏ vàng - Go for Gold,John C.Maxwell,Kinh tế - Quản trị,FT1,1
179,Cảm nhận thế nào đời cho thế đó,Andrew Matthews,Tâm lý - Giáo dục,FT1,1
181,Không Ai Qua Sông,Nguyễn Ngọc Tư,Văn học - Tiểu thuyết,FT1,1
182,Bắt trẻ đồng xanh,J.D.Salinger,Văn học - Tiểu thuyết,FT1,1
183,Phép màu điện ảnh,Anne Cottringer,Nghệ thuật - Giải trí,FT1,1
184,Người Nam Châm,Jack Canfield và D.D. Watkins,Tâm lý - Giáo dục,FT1,1
185,Gián điệp mạng. Cuộc rượt đuổi ngoạn mục trong mê lộ máy tính,Clifford Stoll,Khoa học tự nhiên - Kỹ thuật,FT1,1
186,thánh địa mỹ sớn,ngô văn doanh,Lịch sử - Địa lý,FT1,1
187,Sương khói quê nhà,Nguyễn Nhật Ánh,Văn học - Tiểu thuyết,FT1,1
188,Vị đắng những chuyến đi xa,Trần Ngọc Châu,Hồi ký - Tiểu sử - Tự truyện,FT1,1
189,Personal Finance for Dummies,Eric Tyson,Kinh tế - Quản trị,FT1,1
190,Liêu trai chí dị,Bồ Tùng linh,Văn học - Tiểu thuyết,FT1,1
191,Bánh Mì Thơm, Cà Phê Đắng,Ngô Thị Giáng Uyên,Nghệ thuật - Giải trí,FT1,1
192,NHÀ TỰ NHIÊN KINH TẾ: TẠI SAO KINH TẾ HỌC CÓ THỂ LÝ GIẢI MỘT ĐIỀU,ROBERT H.FRANK,Kinh tế - Quản trị,FT1,1
193,Giáo trình lý thuyết và bài tập Java,Trần Tiến Dũng,Khoa học tự nhiên - Kỹ thuật,FT1,1
194,Junie B. Jones và Chiếc xe buýt bốc mùi ngớ ngẩn,Barbara Park,Văn học - Tiểu thuyết,FT1,1
195,Cú hích - Nudge,Richard H.Thaler & Cass R. Sunstein,Kinh tế - Quản trị,FT1,1
196,bí ẩn về chọn ngày,vương ngọc đức,Triết học - Tôn giáo - Tâm linh,FT1,1
197,Kỷ yếu ngày nhân sự Việt Nam 2011,Pga.ts Lê quân và cộng sự,Kinh tế - Quản trị,FT1,1
198,Đảo Mộng Mơ,Nguyễn Nhật Ánh,Văn học - Tiểu thuyết,FT1,1
199,Đối thoại với các nền văn hóa Syria,Trịnh Huy Hóa,Văn học - Tiểu thuyết,FT1,1
200,Chia sẻ tâm hồn và quà tặng cuộc sống,Jack Canfield, Mark Victor Hansen,Tâm lý - Giáo dục,FT1,1
201,Lập trình thiết kế web trong ASP .NET với các ví dụ C#,Nguyễn Ngọc Tuấn, Hồng Phúc,Khoa học tự nhiên - Kỹ thuật,FT1,1
202,THE 7 HABITS HIGHLY EFFECTIVE TEENS,SEAN COVEY,Kỹ năng mềm,FT1,1
203,the fine art of the big talk,Debra Fine,Kinh tế - Quản trị,FT1,1
204,Quán Gò Đi Lên,Nguyễn Nhật Ánh,Văn học - Tiểu thuyết,FT1,1
205,Đối thoại với các nền văn hóa Brazil,Trịnh Huy Hóa,Văn học - Tiểu thuyết,FT1,1
206,Love or Money?,ROWENA AKINYEMI,Văn học - Tiểu thuyết,FT1,1
207,Tôi nghĩ tôi thích nước Mỹ,Dương Thụy,Văn học - Tiểu thuyết,FT1,1
208,phong thuỷ huyền không phi tinh,elizabeth moran,Triết học - Tôn giáo - Tâm linh,FT1,1
209,Đối thoại với các nền văn hóa Cameroon,Trịnh Huy Hóa,Văn học - Tiểu thuyết,FT1,1
210,Ai lấy miếng pho mát của tôi,Spencer Johnson,Tâm lý - Giáo dục,FT1,1
211,Lối sống tối giản của người Nhật,Sasaki Fumio,Kỹ năng mềm,FT1,1
212,Đối thoại với các nền văn hóa Afghanistan,Trịnh Huy Hóa,Văn học - Tiểu thuyết,FT1,1
213,Bí mật của nước,howard murad,Y học - Sức khỏe - Thể thao,FT1,2
214,Java concurrency in practice,Brian Goetz,Khoa học tự nhiên - Kỹ thuật,FT1,1
215,Mùa hè năm Petrus,Lê Văn Nghĩa,Văn học - Tiểu thuyết,FT1,1
216,Đối thoại với các nền văn hóa Myanmar,Trịnh Huy Hóa,Văn học - Tiểu thuyết,FT1,1
218,Fundamentals of marketing,MDIS,Học liệu,FT1,1
219,Tập Viết Chữ Hoa,Đỗ Chiêu Đức,Ngoại ngữ,FT1,1
220,Đối thoại với các nền văn hóa Yemen,Trịnh Huy Hoá,Văn học - Tiểu thuyết,FT1,1
221,Azit Nexin: Tuyển Chọn Truyện Ngắn,Nhiều tác giả (Nam Hà tuyển chọn),Văn học - Tiểu thuyết,FT1,1
222,Đồ Tể,Nguyễn Trí,Văn học - Tiểu thuyết,FT1,1
223,Dám thất bại,Billi P.S.Lim,Tâm lý - Giáo dục,FT1,1
224,Đối thoại với các nền văn hóa Pakistan,Trịnh Huy Hóa,Văn học - Tiểu thuyết,FT1,1
225,Management of human resouce & the practice of management,MDIS,Học liệu,FT1,1
226,Đối thoại với các nền văn hóa Lebanon,Trịnh Huy Hóa,Văn học - Tiểu thuyết,FT1,1
227,Xin chào ấn độ,hồ anh thái,Lịch sử - Địa lý,FT1,1
228,Long Hot Summer,K.S.Rodriguez,Văn học - Tiểu thuyết,FT1,1
229,60h trị mất gốc tiếng anh,Pasal,Ngoại ngữ,FT1,1
230,Tâm huyết trao đời,Nguyễn Ngọc Ký,Hồi ký - Tiểu sử - Tự truyện,FT1,1
231,Chuyện phần mềm 2.0,FPT Software,Other,FT1,1
232,Điều Bí Mật Khủng Khiếp,Stefan Zweig,Văn học - Tiểu thuyết,FT1,1
233,LEARN & PRACTICE VIETNAMESE,LÊ KHÁNH VY,Ngoại ngữ,FT1,1
234,Bài học diệu kì từ chiếc xe rác,David J. Pollay,Tâm lý - Giáo dục,FT1,1
235,Người Đan Chữ Xếp Thuyền,Miura Shion,Văn học - Tiểu thuyết,FT1,1
236,Điểm Mù (Blind Spots),Max H. Bazerman, Ann E. Tenbrunsel,Kinh tế - Quản trị,FT1,1
237,Tự đào giếng trước khi chết khát,Harvey mackay,Kinh tế - Quản trị,FT1,1
238,Cambridge Ielts 2 with answer ediion,University of Cambridge local examinations syndicate,Ngoại ngữ,FT1,1
239,Nhân tố Enzyme - Trẻ hoá,Hiromi Shinya,Y học - Sức khỏe - Thể thao,FT1,1
240,Cho tôi xin một vé đi tuổi thơ,Nguyễn Nhật Ánh,Văn học - Tiểu thuyết,FT1,1
241,DEVELOPING SKILLS FOR THE TOEIC TEST,PAUL EDMUNDS, ANNE TAYLOR,Ngoại ngữ,FT1,1
242,Người thông minh giải quyết vấn đề như thế nào,Ken Watanabe,Kỹ năng mềm,FT1,1
243,Tiếng ve mùa hạ cũ,Từ Kế Tường,Văn học - Tiểu thuyết,FT1,1
244,chuyện phiêu lưu của mít đặc và các bạn,ni cô lai nô xốp,Văn học - Tiểu thuyết,FT1,1
245,Thắp Lửa Tâm Linh,Minh Đức Triều Tâm Ảnh,Triết học - Tôn giáo - Tâm linh,FT1,1
246,Tất cả đều là chuyện nhỏ,Richard Carlson,Tâm lý - Giáo dục,FT1,1
247,Cambridge Ielts 3 with answers edition,University of Cambridge Local Examinations syndicate,Ngoại ngữ,FT1,1
248,Làm sao biết mưa về,Từ Kế Tường,Văn học - Tiểu thuyết,FT1,1
249,Khi hơi thở hoá thinh không,paul kalanithi,Y học - Sức khỏe - Thể thao,FT1,1
250,10 điều tạo nên số phận,David Simon,Tâm lý - Giáo dục,FT1,1
251,Người Đàn Ông Mang Tên Ove,Fredrik Backman,Văn học - Tiểu thuyết,FT1,1
252,Mùa thu bay mưa,Từ Kế Tường,Văn học - Tiểu thuyết,FT1,1
253,Time Tested. Tesing Improved,RBCS,Khoa học tự nhiên - Kỹ thuật,FT1,2
254,Cambridge ielts 4 with answer edition,University of Cambridge Local Examinations syndicate,Ngoại ngữ,FT1,1
256,Thời đại ý tưởng và thành công,Nguyễn Thành Sinh,Lịch sử - Địa lý,FT1,1
257,khi hơi thoẻ hoá tinh không,paul kalanithi,Y học - Sức khỏe - Thể thao,FT1,1
258,Dặm Dài Đã Qua (A long way gone: Memoirs of a boy soldier),Ishmael Beah,Hồi ký - Tiểu sử - Tự truyện,FT1,1
259,Công dân toàn cầu - Công dân vũ trụ,Phan Văn Trường,Tâm lý - Giáo dục,FT1,1
260,NEW INSIDE OUT,SUE KAY & VAUGHAN JONES,Ngoại ngữ,FT1,1
261,Cambridge ielts 5 with answer edition,University of Cambridge Local Examinations syndicate,Ngoại ngữ,FT1,1
262,Người dám cho đi,Bor burg & john david mann,Kinh tế - Quản trị,FT1,1
263,Miền Thơ Ấu,Vũ Thu Hiền,Văn học - Tiểu thuyết,FT1,1
264,Thư của bà vợ gửi cho bồ nhí,Lê Hoàng,Văn học - Tiểu thuyết,FT1,2
265,The adventure of Tom Sawyer,Mark Twain,Văn học - Tiểu thuyết,FT1,1
266,Kịch Bản Sân Khấu,Nguyễn Thanh Hùng,Văn học - Tiểu thuyết,FT1,1
267,Tin tôi đi, tôi đang nói dối đấy!,Ryan Holiday,Kinh tế - Quản trị,FT1,1
268,ENGLISH GRAMMAR IN USE,RAYMOND MURPHY,Ngoại ngữ,FT1,1
269,trai nước nam làm gì,hoàng đạo thuý,Văn học - Tiểu thuyết,FT1,1
270,Phong cách bán hàng zig ziglar,Zig ziglar,Kinh tế - Quản trị,FT1,1
271,Thằng quỷ nhỏ,Nguyễn Nhật Ánh,Văn học - Tiểu thuyết,FT1,1
272,Chúng ta từ số 289 đến số 335,FPT,Other,FT1,2
273,Đàm thoại tiếng Nhật,Midori Iwasawa,Ngoại ngữ,FT1,1
275,LES MISERABLES: NHỮNG NGƯỜI KHỐN KHỔ,VICTOR HUGO,Ngoại ngữ,FT1,1
276,Sử ký 20 năm,FPT,Other,FT1,1
277,thư viện linh hồn - tập 3 của trại trẻ đặc biêt của cô peregrine,ransom riggs,Văn học - Tiểu thuyết,FT1,1
278,Cuộc sống tươi đẹp,Michael Heppell,Tâm lý - Giáo dục,FT1,1
279,Tiếng nhật cho mọi người,3A Network,Ngoại ngữ,FT1,1
280,Trên Con Đường Tơ Lụa Nam Á,Nguyễn Chí Linh,Hồi ký - Tiểu sử - Tự truyện,FT1,1
282,Chiến lược đại dương xanh,W.chan kim - renee mauborge,Kinh tế - Quản trị,FT1,1
283,đồi gió hú,emily bronte,Văn học - Tiểu thuyết,FT1,1
284,Khách sạn Hoa Hồng,Nguyễn Nhật Ánh,Văn học - Tiểu thuyết,FT1,1
285,không gục ngã,nguyễn bích lan,Hồi ký - Tiểu sử - Tự truyện,FT1,1
286,khác biệt để bứt phá,Jason Fried & David Heinemeier Hansson,Kỹ năng mềm,FT1,4
287,SỨC MẠNH CỦA THÓI QUEN,CHARLES DUHIGG,Kỹ năng mềm,FT1,3
288,Chuyện tào lao [Về kẻ quấy rối và chồng cô ta],Nguyễn Ngọc Thuận,Văn học - Tiểu thuyết,FT1,1
290,Nhân văn và kinh tế tình và tiền trong quản trị kinh doanh,Tôn thất nguyễn thiêm,Kinh tế - Quản trị,FT1,1
291,The Godfather,Mario Puzo,Văn học - Tiểu thuyết,FT1,1
292,Điểm Dối Lừa (Deception Point),Dan Brown,Văn học - Tiểu thuyết,FT1,1
293,thư của trứng cà gửi chứng khoán,lê hoàng,Other,FT1,2
294,Chúa Biết Sự Thật Nhưng Chẳng Nói Ngay,Lev Tolsoy,Văn học - Tiểu thuyết,FT1,1
295,Intermediate composition practice ,Linda Lonon Blanton,Ngoại ngữ,FT1,1
296,Chuyện phần mềm 2.0 tập 1,FPT Software,Other,FT1,8
297,Bí mật của may mắn,Alex Rovira,Kỹ năng mềm,FT1,1
298,Nghệ thuật tinh tế của việc đếch quan tâm,Mark Manson,Kỹ năng mềm,FT1,1
301,Tâm lý khách hàng và nghệ thuật phục vụ 5 sao,Bùi xuân phong,Kinh tế - Quản trị,FT1,1
302,Hừng Đông,Stephenie Meyer,Văn học - Tiểu thuyết,FT1,1
303,Tạo Đựng Sự Khác Biệt,John C. Maxwell,Kỹ năng mềm,FT1,1
304,lá nằm tròn lá,nguyễn nhật ánh,Văn học - Tiểu thuyết,FT1,1
305,Trong chớp mắt - Blink,Malcolm Gladwell,Tâm lý - Giáo dục,FT1,1
306,Mục đích cao hơn tất cả,Nguyễn Đức Thuận,Tâm lý - Giáo dục,FT1,1
307,Ted talks,Chris anderson,Kỹ năng mềm,FT1,1
308,cuộc chiến vì sức khoẻ,biswasroop roy chowdhury,Y học - Sức khỏe - Thể thao,FT1,3
309,Tư Duy Tích Cực Tạo Thành Công,W. Clement Stone,Kỹ năng mềm,FT1,1
310,Sức mạnh của sự tử tế,Linda Kaplan Thaler & Ronbin Koval,Kinh tế - Quản trị,FT1,1
311,Phụ nữ lãnh đạo bằng yêu thương,David Devin,Tâm lý - Giáo dục,FT1,1
312,How to write like Tolstoy,Richard Cohen,Hồi ký - Tiểu sử - Tự truyện,FT1,1
313,Chuyện Ngài Hộ Nhãn (Cakkhupalathera),Phra Mahapranom Dhammalankaro,Triết học - Tôn giáo - Tâm linh,FT1,1
314,KANJI DICTIONARY,Japan Kanji Aptitude Testing Foundation,Ngoại ngữ,FT1,1
315,20 giờ đầu tiên,Josh Kaufman,Tâm lý - Giáo dục,FT1,1
317,Talk like ted,Carmine gallo,Kỹ năng mềm,FT1,1
318,Mỗi ngày tiết kiệm một giờ,Michael Heppell,Tâm lý - Giáo dục,FT1,3
319,Tuần Làm Việc 4 Giờ,Timothy Ferriss,Kỹ năng mềm,FT1,1
321,Lời nói dối vĩ đại của não,Kelly Mcgonigal,Tâm lý - Giáo dục,FT1,1
322,Hoàn thành mọi việc không hề khó,David Allen,Tâm lý - Giáo dục,FT1,1
323,The promise,R.L.Scott-Buccleuch,Văn học - Tiểu thuyết,FT1,1
324,Khi hơi thở hóa thinh không,Paul Kalanithi,Hồi ký - Tiểu sử - Tự truyện,FT1,1
325,365 chuyện kể đi ngủ,ngọc linh,Other,FT1,1
327,Điệp viên của Chúa,Juan Gomez-Jurado,Văn học - Tiểu thuyết,FT1,1
328,Những bí quyết làm giàu nổi tiếng,Auger. Mandeno,Kinh tế - Quản trị,FT1,1
329,hỏi bác sĩ nhi đồng,trương hữu khanh,Y học - Sức khỏe - Thể thao,FT1,1
330,Nghệ thuật giao tiếp thông minh,Vietbook,Kỹ năng mềm,FT1,1
331,Social Behavioral Science,MDIS,Học liệu,FT1,1
332,Nhật ký bí mật của Chúa,Raymond Khoury,Văn học - Tiểu thuyết,FT1,1
333,cách nuôi dạy một đứa trẻ,nobuyoshi hirai,Tâm lý - Giáo dục,FT1,1
334,Người thành công có 1% cách nghĩ khác bạn,Chu Châu Bân,Tâm lý - Giáo dục,FT1,1
335,Phi lý một cách Hợp lý,Dan Ariely,Kỹ năng mềm,FT1,1
336,NHÀ ĐÀO TẠO SÀNH SỎI,ĐỖ HUÂN,Kinh tế - Quản trị,FT1,2
337,Now Discover Your strengths,Marcus Buckingham,Tâm lý - Giáo dục,FT1,1
338,Principles of business management I,MDIS,Học liệu,FT1,1
340,101 điều sai lầm giữa cha mẹ và con,phan thanh anh,Kỹ năng mềm,FT1,1
341,HARVARD BỐN RƯỠI SÁNG,Xiu-Ying Wei,Kỹ năng mềm,FT1,1
342,Can đảm Cãi sếp,Ira Chaleff,Kỹ năng mềm,FT1,1
343,FSoft Chân Kinh,FSoft,Other,FT1,2
344,Organisational Behavior,MDIS,Học liệu,FT1,2
346,Hoàng tử bé,Antoine De Saint-Exupéry,Văn học - Tiểu thuyết,FT1,3
347,Manager Nhất Dương Chỉ,FSoft,Other,FT1,1
348,Bình Yên Đất Trời,Trương Quý Hải,Nghệ thuật - Giải trí,FT1,1
350,Applied Marketing Psychology,MDIS,Học liệu,FT1,1
351,Cáo Già Gái Già và Tiểu Thuyết Diễm Tình,Dương Thụy,Văn học - Tiểu thuyết,FT1,1
353,Personality and Abnormal Psychology,MDIS,Học liệu,FT1,1
355,Vượt ao tù ra biển lớn,Stuart Avery Gold,Tâm lý - Giáo dục,FT1,1
356,KHÔNG PHẢI THIẾU MAY MẮN, CHỈ LÀ CHƯA CỐ GẮNG,LAM NGUYỆT,Kỹ năng mềm,FT1,1
357,Người Tình Sài Gòn,Linh Lê,Văn học - Tiểu thuyết,FT1,1
360,36 kế ứng dụng trong kinh doanh và cuộc sống,Ngọc bích,Kinh tế - Quản trị,FT1,1
361,Principles of business management II,MDIS,Học liệu,FT1,1
362,Cà phê cùng Tony,Tony Buổi Sáng,Tâm lý - Giáo dục,FT1,1
363,Chuyện phần mềm 2.0 tập 2,FPT Software,Other,FT1,1
365,Moon Palace,Paul Auster,Văn học - Tiểu thuyết,FT1,1
366,giàu có hạnh phúc kh chỉ qua trường học,roberrt t.kiyosaki,Tâm lý - Giáo dục,FT1,1
367,Applied business psychology,MDIS,Học liệu,FT1,1
368,Cuộc Đời Yêu Dấu,Alice Munro,Văn học - Tiểu thuyết,FT1,1
370,Tự Yêu,Du Phong,Văn học - Tiểu thuyết,FT1,1
371,Organisational Psychology and Group Dynamics,MDIS,Học liệu,FT1,1
372,Từ tơ lụa đến Silicon,Jeffrey E. Garten,Kinh tế - Quản trị,FT1,2
373,Psychology of the individual,MDIS,Học liệu,FT1,1
374,Từ điển tiếng Em,Khotudien,Other,FT1,1
375,10 vạn câu hỏi vì sao,tôn nguyên vĩ,Other,FT1,1
376,Nhà Giả Kim,Paulo Coelho,Văn học - Tiểu thuyết,FT1,1
377,Vượt Qua Tất Cả - Nghệ thuật sống của người Phần Lan,Joanna Nylund,Tâm lý - Giáo dục,FT1,1
379,Niên giám công nghệ thông tin Việt Nam 2003,Hội tin học TPHCM. Tạp chí thế giới vi tính,Khoa học tự nhiên - Kỹ thuật,FT1,1
380,Phản hồi hiệu quả trong 20p,Harvard bussiness review press,Kinh tế - Quản trị,FT1,1
381,Luật bất thành văn trong kinh doanh,W.J.King,Kinh tế - Quản trị,FT1,1
382,Vui học tiếng anh,thanh châu,Ngoại ngữ,FT1,1
383,LES ILES GRECQUES,E. Karpodini-Dimitriadi,Lịch sử - Địa lý,FT1,1
384,Đánh thức con người phi thường trong bạn,Anthony Robbins,Tâm lý - Giáo dục,FT1,2
385,Think and Grow (13 nguyên tắc nghĩ giàu làm giàu),Napoleon Hill,Kinh tế - Quản trị,FT1,1
386,người quảng đi ăn mì quảng,nguyễn nhật ánh,Văn học - Tiểu thuyết,FT1,1
387,Tinh thần doanh nghiệp của nước nhật hiện đại,Tukichi fukuzawa,Kinh tế - Quản trị,FT1,1
388,Nghệ Thuật lãnh Đạo doanh nghiệp,Ram Charan,Kinh tế - Quản trị,FT1,1
389,Đọc vị bất kỳ ai,David J.Lieberman,Tâm lý - Giáo dục,FT1,1
390,Cái cười của thánh nhân,Nguyễn Duy Cần,Triết học - Tôn giáo - Tâm linh,FT1,2
391,Robocon Ươm mầm những ước mơ,Đoàn Minh Hằng,Other,FT1,1
392,Trí thông minh cảm xúc for dummies,Steven J. Stein,Tâm lý - Giáo dục,FT1,1
393,dạy con làm giàu tập 13,robert T.Kiyosaki,Tâm lý - Giáo dục,FT1,1
395,Người Bán Hàng Vĩ Đại Nhất Thế Giới,OG MADINO,Văn học - Tiểu thuyết,FT1,1
396,Vị giám đốc 1 phút,Ken Blanchard, Ph.D,Kinh tế - Quản trị,FT1,1
397,dạy con làm giàu,robert kiyosaki,Tâm lý - Giáo dục,FT1,1
398,Niêm yết sàn mỹ, Alan v.Phan, ph.D, DBA,Kinh tế - Quản trị,FT1,1
399,Tự học Ngôn ngữ lập trình Visual Basic 2005,Nguyễn Nam Thuận,Khoa học tự nhiên - Kỹ thuật,FT1,1
400,Sẽ có cách, đừng lo,Tuệ Nghi,Kỹ năng mềm,FT1,1
401,Cánh đồng bất tận,Nguyễn Ngọc Tư,Văn học - Tiểu thuyết,FT1,1
402,Điểm bùng phát,Malcolm Gladwell,Tâm lý - Giáo dục,FT1,2
403,21 Nguyên tắc vàng của Nghệ Thuật Lãnh Đạo,Jonh C. MAXWELL,Kinh tế - Quản trị,FT1,1
404,Giáo trình SQL Server 2000,Nguyễn Thiện Bằng, Phương Lan,Khoa học tự nhiên - Kỹ thuật,FT1,1
405,Nhấn nút tái tạo,Satya Nadella,Kinh tế - Quản trị,FT1,1
407,Balanced,Scorecard,Kinh tế - Quản trị,FT1,1
408,Ngày trôi về phía cũ,Anh Khang,Văn học - Tiểu thuyết,FT1,1
409,Flat Eye - The Flat World Fsofters Eye,FSoft,Other,FT1,1
411,Think and Grow (13 nguyên tắc nghĩ giàu, làm giàu),Napoleon Hill,Kinh tế - Quản trị,FT1,1
412,Lập trình ứng dụng chuyên nghiệp SQL Server 2000 tập 1,Phạm Hữu Khang,Khoa học tự nhiên - Kỹ thuật,FT1,1
414,Người đua Diều,Khaled Hosseini,Văn học - Tiểu thuyết,FT1,1
415,Nghệ thuật ăn trưa bàn công việc,Robin jay,Kinh tế - Quản trị,FT1,1
416,Hiểu về trái tim,Minh Niệm,Tâm lý - Giáo dục,FT1,1
417,Ngày trong sương mù,Hà Nhân,Văn học - Tiểu thuyết,FT1,1
419,THE RESCUE,NICHOLAS SPARKS,Văn học - Tiểu thuyết,FT1,1
420,bài giảng cuối cùng,randy pausch,Tâm lý - Giáo dục,FT1,1
421,Đường tống truyền kỳ,Lỗ Tấn,Hồi ký - Tiểu sử - Tự truyện,FT1,1
422,Chiến lược đơn giản để làm giàu,David hooper,Kinh tế - Quản trị,FT1,1
424,sống theo 80/20,richard koch,Kỹ năng mềm,FT1,1
425,Kiếp Ba Khía,Trần Bảo Định,Văn học - Tiểu thuyết,FT1,1
426,500 câu hỏi Nhật ngữ N3,Matsumo Noriko, Sasaki Hitoko,Ngoại ngữ,FT1,1
427,Những âm mưu từ đảo Jekyll (Nhận diện cục dự trữ liên bang),G. Edward Griffin,Kinh tế - Quản trị,FT1,1
428,lập bản đồ tư duy,tony buzan,Kỹ năng mềm,FT1,1
429,Nhượng quyền khởi nghiệp,Nguyễn phi vân,Kinh tế - Quản trị,FT1,1
430,Dạy con làm giàu - Những bí mật về tiền bạc mà bạn không học ở nhà trường,Robert T. Kiyosaki,Tâm lý - Giáo dục,FT1,1
431,Từ điển Nhật Việt,Nguyễn Văn Khang ( chủ biên),Ngoại ngữ,FT1,1
432,Có những điều chẳng thể nói cùng ai,Minh Nhật,Văn học - Tiểu thuyết,FT1,1
433,Cất tiếng như như sấm - Từng lời chấn tâm,OOPSY,Kỹ năng mềm,FT1,1
434,Dạy con làm giàu - 8 - Ai đã lấy tiền của tôi,Robert T. Kiyosaki,Tâm lý - Giáo dục,FT1,1
435,Câu chuyện cuối cùng,Cecelia Ahern,Văn học - Tiểu thuyết,FT1,1
436,The long tail,Chris anderson,Kinh tế - Quản trị,FT1,1
437,TÂM LÝ HỌC NHÂN CÁCH: MỘT SỐ VẤN ĐỀ LÝ LUẬN,NGUYỄN NGỌC BÍCH,Tâm lý - Giáo dục,FT1,1
438,Ngày xưa có một con Bò,Camilo Cruz,Tâm lý - Giáo dục,FT1,1
439,trong chớp mắt,malcolm gladwell,Tâm lý - Giáo dục,FT1,2
440,Từ điển Anh - Anh - Việt,Lâm Quang Đông,Ngoại ngữ,FT1,1
441,Dạy con làm giàu - 8 - Để có những đồng tiền tích cực,Robert T. Kiyosaki,Tâm lý - Giáo dục,FT1,1
443,Hiệu ảnh Nishiura,Mikami Em,Văn học - Tiểu thuyết,FT1,1
444,Sáu người đi khắp thế gian,James a. Michener,Văn học - Tiểu thuyết,FT1,1
448,Trên đường băng,Tony buổi sáng,Kỹ năng mềm,FT1,2
450,mười sai lầm chết người trong tiếp thị,kotler,Kỹ năng mềm,FT1,1
453,Dạy con làm giàu - 5 - Để có sức mạnh về tài chính,Robert T. Kiyosaki,Tâm lý - Giáo dục,FT1,1
454,Elone Musk (Tesla, SpaceX và sứ mệnh tìm kiếm một tương lai ngoài sức tưởng tượng),Ashlee Vance,Kinh tế - Quản trị,FT1,1
455,Kỹ năng viết báo cáo hiệu quả,Kashiwagi Yoshiki,Kỹ năng mềm,FT1,1
456,Kỷ yếu ngày nhân sự Việt Nam 2012 chủ đề Chất lượng lãnh đạo doanh nghiệp Việt,Nhiều tác giả,Other,FT1,1
457,Chuyện con mèo dạy hải âu bay,Luis Sepúveda,Văn học - Tiểu thuyết,FT1,3
458,Ngơ đi một tí, vui lên một tí Đời rất dễ sống,Me-xừ Long Bé Nhỏ,Kỹ năng mềm,FT1,1
459,Phụ nữ thông minh không ở góc văn phòng,Lois P.Frankel,Kỹ năng mềm,FT1,1
460,Ngày xưa có một chuyện hành tinh,Nguyễn Nhật Ánh,Văn học - Tiểu thuyết,FT1,1
461,đắc nhân tâm,dale carnegie,Tâm lý - Giáo dục,FT1,2
462,Dạy con làm giàu - 4 - Con giàu con thông minh,Robert T. Kiyosaki,Tâm lý - Giáo dục,FT1,1
464,Những giấc mơ ở hiệu sách Morisaki,Yagisawa Satoshi,Văn học - Tiểu thuyết,FT1,1
465,Luyện thi năng lực nhật ngữ N2,Sasaki Hikoto,Ngoại ngữ,FT1,8
466,Khám phá thiên tài trong bạn,Michael J.gelb,Kỹ năng mềm,FT1,1
467,Dấu vết của mẹ,Marta Dzido,Văn học - Tiểu thuyết,FT1,1
469,Lẽ Phải của Phi Lý Trí,Dan Ariely,Kỹ năng mềm,FT1,1
470,Dynamic Web Pages using JSP,APTECH WORLDWIDE,Khoa học tự nhiên - Kỹ thuật,FT1,1
471,Ý THIÊN ĐỒ LONG KÝ,KIM DUNG,Văn học - Tiểu thuyết,FT1,2
472,Dạy con làm giàu - 1 - Để không có tiền vẫn tạo ra tiền,Rober T. Kiyosaki,Tâm lý - Giáo dục,FT1,1
473,Nằm vạ,Bùi Hiển,Văn học - Tiểu thuyết,FT1,1
474,Luyện thi năng lực nhật ngữ N3,Sasaki Hikoto,Ngoại ngữ,FT1,12
475,Thất Tình Không Sao,Nguyễn Ngọc Thạch,Văn học - Tiểu thuyết,FT1,1
476,Architecting Web Applications using JSF and Struts,APTECH WORLDWIDE,Khoa học tự nhiên - Kỹ thuật,FT1,1
477,tinh thần samurai,brian klemmer,Tâm lý - Giáo dục,FT1,1
480,Networking Essentials,APTECH WORLDWIDE,Khoa học tự nhiên - Kỹ thuật,FT1,1
481,Vùng mỏ,Võ Huy Tâm,Văn học - Tiểu thuyết,FT1,1
482,Ai che lưng cho bạn,Keith Frrrazzi,Kỹ năng mềm,FT1,1
484,Dạy con làm giàu - 9 - Những bí mật về tiền bạc - Điều mà bạn không học ở nhà trường,Robert T. Kiyosaki,Tâm lý - Giáo dục,FT1,1
485,đừng bao giờ đi ăn một mình,keith ferrazzi,Kỹ năng mềm,FT1,2
486,Sự im lặng của bầy cừu,Thomas Harris,Văn học - Tiểu thuyết,FT1,2
489,Vầng sáng tù phương đông,Dalai Latma & Mike Austin,Triết học - Tôn giáo - Tâm linh,FT1,1
490,bức xúc không làm ta vô can,đặng hoàng giang,Văn học - Tiểu thuyết,FT1,2
493,Ý THIÊN ĐỒ LONG KÝ SỐ 4,KIM DUNG,Văn học - Tiểu thuyết,FT1,1
495,TED TALKS:Hùng biện kiểu TED,Chris Anderson,Kỹ năng mềm,FT1,1
496,Dạy con làm giàu - 3 - Hướng dẫn đầu tư,Robert T. Kiyosaki,Tâm lý - Giáo dục,FT1,1
498,Giới hạn của bạn chỉ là xuất phát điểm của tôi,Mèo Maverick,Kỹ năng mềm,FT1,1
500,Mật mã Tây Tạng 3,Hà Mã,Văn học - Tiểu thuyết,FT1,1
501,Ý THIÊN ĐỒ LONG KÝ SỐ 5,KIM DUNG,Văn học - Tiểu thuyết,FT1,1
502,Đừng tin, chém gió đấy !!!,FSoft,Other,FT1,1
503,Dạy con làm giàu - 2 - Sử dụng đồng vốn,Robert T. Kiyosaki,Tâm lý - Giáo dục,FT1,1
507,Nóng giận là bản năng Tỉnh lặng là bản lĩnh,Tống Mặc,Kỹ năng mềm,FT1,1
516,Ý THIÊN ĐỒ LONG KÝ SỐ 7,KIM DUNG,Văn học - Tiểu thuyết,FT1,1
517,Lâu đài thủy tinh (The Glass Castle),Jeannette Walls,Hồi ký - Tiểu sử - Tự truyện,FT1,1
518,Menschen A1.2,Sandra Evans, Angela Pude, Franz Specht,Ngoại ngữ,FT1,1
520,Thời gian thầm lặng,Hàn vĩnh nguyên,Văn học - Tiểu thuyết,FT1,1
521,Kỷ nguyên hỗn loạn - Những cuộc khám phá trong thế giới mới,Alan Greenspan,Kinh tế - Quản trị,FT1,1
523,Chuyện đông chuyện tây,An Chi,Lịch sử - Địa lý,FT1,3
525,Lược sử thời gian,Stephen Hawking,Khoa học tự nhiên - Kỹ thuật,FT1,2
527,Những chàng trai xấu tính,Nguyễn Nhật Ánh,Văn học - Tiểu thuyết,FT1,1
529,quản lý thời gian hiệu quả,patrick forsyth,Kỹ năng mềm,FT1,1
530,Nghiệp vụ văn thư lưu trữ,Hoàng Lê Minh,Kỹ năng mềm,FT1,1
531,Tôi thấy hoa vàng trên có xanh,Nguyễn nhật ánh,Văn học - Tiểu thuyết,FT1,1
532,tảng băng tan,john kotter,Kỹ năng mềm,FT1,2
533,Nghiệp vụ thư ký văn phòng,Hoàng Giang,Kỹ năng mềm,FT1,1
535,Những người thích khóc,Azit Nexin,Văn học - Tiểu thuyết,FT1,1
536,Tuyết,Maxence Fermine,Văn học - Tiểu thuyết,FT1,1
538,nhân tố enzyme,hiromi shinya,Y học - Sức khỏe - Thể thao,FT1,4
539,Work Rules (Quy tắc của Google),Laszlo Bock,Kinh tế - Quản trị,FT1,1
540,Kỹ năng lãnh đạo của người Nhật,Masakasu Sugiura,Kỹ năng mềm,FT1,1
541,Mặt trời nhà Scorta,Laurent Gaude,Văn học - Tiểu thuyết,FT1,1
542,Tôi là Bento,Nguyễn Nhật Ánh,Văn học - Tiểu thuyết,FT1,1
544,Professional Certificate in English - Academic Reading, Writing and Listening,Mr. Gerson C. Lapid,Ngoại ngữ,FT1,1
545,Kỹ năng quản lý dự án hiệu quả,Clydebank Business,Kỹ năng mềm,FT1,2
546,Rừng nauy,Haruki murakami,Văn học - Tiểu thuyết,FT1,1
547,Gió lẻ và 9 câu chuyện khác,Nguyễn Ngọc Tư,Văn học - Tiểu thuyết,FT1,1
549,Giải mã bí ẩn thung lũng Silicon,Michelle E. Messina và Jonathan C. Bear,Kinh tế - Quản trị,FT1,1
550,Cuộc Chia ly của những Vì sao,Trung Trung Đỉnh,Văn học - Tiểu thuyết,FT1,1
551,Cọp Trắng,Aravind Adiga,Văn học - Tiểu thuyết,FT1,2
552,Ngày mai không hẹn trước,Debbie Macomber,Văn học - Tiểu thuyết,FT1,1
554,Ký Ức Không Quên,Jonathan Schell,Văn học - Tiểu thuyết,FT1,1
555,Có anh trong đời,Debbie Macomber,Văn học - Tiểu thuyết,FT1,1
557,Nơi Xa,Văn Linh,Văn học - Tiểu thuyết,FT1,1
558,Tâm hồn cao thượng,Nguyễn Khải,Văn học - Tiểu thuyết,FT1,1
559,THƠ DẤU ẤN CUỘC ĐỜI,MINH SỬ,Văn học - Tiểu thuyết,FT1,1
560,nhân tố enzyme - minh hoạ,hiromi shinya,Y học - Sức khỏe - Thể thao,FT1,1
561,Ăn, Cầu Nguyện, Yêu,Elizabeth Gilbert,Hồi ký - Tiểu sử - Tự truyện,FT1,1
562,Business model generation,Alexander osterwalder & yves pigneur,Kinh tế - Quản trị,FT1,2
563,Tướng Lâm Kỳ Đạt,Hoàng Văn Bổn,Văn học - Tiểu thuyết,FT1,1
564,Con Gái Mỹ,Meg Cabot,Kỹ năng mềm,FT1,1
565,Trăng nước chương dương,Hà Ân,Văn học - Tiểu thuyết,FT1,1
566,Thơ mang màu sắc Hồ Xuân Hương,Nhiều tác giả,Văn học - Tiểu thuyết,FT1,1
567,Một đời như kẻ tìm đường,Phan Văn Trường,Kinh tế - Quản trị,FT1,1
569,Cát cháy,Thanh Quế,Văn học - Tiểu thuyết,FT1,1
570,Bởi vì yêu,Guillame Musso,Văn học - Tiểu thuyết,FT1,1
572,Nửa mặt trời vàng,Chimamanda Ngozi Adichie,Văn học - Tiểu thuyết,FT1,1
573,Bạn Gái trên đường sự nghiệp,Hoàng Xuân Việt,Kỹ năng mềm,FT1,1
574,Bad blood (Máu bẩn),John Carreyrou,Kinh tế - Quản trị,FT1,1
575,Mật mã Tây Tạng 2,Hà Mã,Văn học - Tiểu thuyết,FT1,1
576,PHI LÝ TRÍ,DAN ARIELY,Kinh tế - Quản trị,FT1,1
577,Sắc lá momiji,Miyamoto Teru,Tâm lý - Giáo dục,FT1,1
578,Tư duy nhanh và chậm,Daniel Kahneman,Kinh tế - Quản trị,FT1,1
579,Tam Quốc Diễn Nghĩa,Thành Quân Úc,Văn học - Tiểu thuyết,FT1,1
580,Mãi đừng xa tôi,Kazuo Ishiguro,Văn học - Tiểu thuyết,FT1,1
581,AMRITA,BANANA YOSHIMOTO,Văn học - Tiểu thuyết,FT1,1
582,Sherlock Holmes toàn tập 2,Arthur Conan Doyle,Văn học - Tiểu thuyết,FT1,1
583,The one thing,Jay Papasan và Gary Keller,Kinh tế - Quản trị,FT1,1
584,bước chậm lại giữa thế gian vội,Hae Min,Triết học - Tôn giáo - Tâm linh,FT1,1
585,Đẹp & Buồn,Yasunari Kawabata,Văn học - Tiểu thuyết,FT1,1
586,Tuyết hoa và Cây quạt bí mật,Lisa See,Văn học - Tiểu thuyết,FT1,1
587,Android Application Development,Android ATC team,Khoa học tự nhiên - Kỹ thuật,FT1,1
588,Nghĩ kiểu Zuck thành công như Facebook,Ekaterina Walter,Kinh tế - Quản trị,FT1,1
589,Sống lưng của jesse,Yamanda Amy,Văn học - Tiểu thuyết,FT1,1
590,THE SECRET,RHONDA BRYNE,Kỹ năng mềm,FT1,1
591,Nhẫn Thạch,Atiq Rahimi,Văn học - Tiểu thuyết,FT1,1
592,Sức mạnh của việc đặt câu hỏi Tại Sao,C.Richard Weylman,Kỹ năng mềm,FT1,1
593,Lãnh đạo phong cách Barack Obama,Shel Leanne,Kinh tế - Quản trị,FT1,1
594,Try! N4 Japanese Language Proficiency,Nhóm tác giả,Ngoại ngữ,FT1,1
595,Sanshiro,Natsume Soseki,Văn học - Tiểu thuyết,FT1,1
596,yêu đi rồi khóc,Hamlet Trương,Nghệ thuật - Giải trí,FT1,1
597,Những ngày tháng chỉ muốn rong chơi,Nguyễn Phước Huy,Văn học - Tiểu thuyết,FT1,1
598,Ba ơi mình đi đâu,Jean-Louis Fournier,Tâm lý - Giáo dục,FT1,1
599,Quảy gánh băng đồng ra thế giới,Nguyễn Phi Vân,Văn học - Tiểu thuyết,FT1,1
600,Ở NGƯỠNG CỦA CUỘC ĐỜI,LÝ LAN,Hồi ký - Tiểu sử - Tự truyện,FT1,1
602,Bay xuyên những tầng mây,Hà Nhân,Văn học - Tiểu thuyết,FT1,1
603,Người tính,Marguerite Duras,Văn học - Tiểu thuyết,FT1,1
604,Sống như cây rừng,Hà Nhân,Văn học - Tiểu thuyết,FT1,1
605,Hành Trình Xương Thủy Tinh,Nguyễn Thị Thu Sương,Văn học - Tiểu thuyết,FT1,1
606,Tảng Băng Tan (Our Iceberg Is Melting),John Kotter và Holger Rathgeber,Other,FT1,1
607,Sững sờ & run rẩy.    ,Amelie Nothbomb,Văn học - Tiểu thuyết,FT1,1
609,Nhện Tuyết,Jenny Nimmo,Văn học - Tiểu thuyết,FT1,1
610,Sử dụng tiếng Anh trong Email cá nhân và công việc,Lê Huy Lâm,Kỹ năng mềm,FT1,1
611,bán khống,Michael lewis,Kinh tế - Quản trị,FT1,1
612,Việc hôm nay chớ để ngày mai,Richard Templar,Kỹ năng mềm,FT1,1
613,Cẩm Nang Hướng Dẫn Mua Lại & Sát Nhập,Timothy J. Galphin & Mark Herndon,Kinh tế - Quản trị,FT1,1
614,Những chuyện kể của Beedle người hát rong,J.K.Rowling,Văn học - Tiểu thuyết,FT1,1
616,Ý THIÊN ĐỒ LONG KÝ SỐ 1,KIM DUNG,Văn học - Tiểu thuyết,FT1,1
617,Xa xôi thôn ngựa già,Ma văn kháng,Văn học - Tiểu thuyết,FT1,1
618,Phải trái đúng sai,michael sandel,Kỹ năng mềm,FT1,1
619,Ý THIÊN ĐỒ LONG KÝ SỐ 2,KIM DUNG,Văn học - Tiểu thuyết,FT1,1
620,The Balanced Scorecard: Thẻ Điểm Cân Bằng,Robert S.Kaplan & David P.Norton,Kinh tế - Quản trị,FT1,1
621,Cửa hành cho những kẻ chán sống,Jean Teulé,Kỹ năng mềm,FT1,1
622,Đôn Kihote Nhà quý tộc tài ba xứ Mantra,Miguel De Cervantes Saavedra,Văn học - Tiểu thuyết,FT1,1
624,Ngày thường hà nội,Băng sơn,Hồi ký - Tiểu sử - Tự truyện,FT1,1
625,tốc độ của niềm tin,stephen MR Covey,Kỹ năng mềm,FT1,1
626,ELLEN Degeneres,Nghiêm túc thì tôi chỉ đùa thôi,Hồi ký - Tiểu sử - Tự truyện,FT1,1
627,Nghĩ về thăng long hà nội,Hội khoa học lịch sử tp HCM,Lịch sử - Địa lý,FT1,1
628,Sự bình yên trong tâm hồn,Cẩm tiên,Tâm lý - Giáo dục,FT1,1
629,Đô-la Hay Lá Nho?Lột Trần Cô Nàng Kinh Tế Học,Charles Wheelan,Kinh tế - Quản trị,FT1,1
630,Sống bằng cả trái tim,Nguyễn Văn Như,Tâm lý - Giáo dục,FT1,1
631,Leo núi phú sĩ,Trần quân ngọc,Hồi ký - Tiểu sử - Tự truyện,FT1,1
632,Quy tắc của sự thanh lịch,Emiko Kato,Kỹ năng mềm,FT1,1
633,Nếu tôi biết được khi còn 20,Tina Seelig,Kinh tế - Quản trị,FT1,1
634,Thiền khí tâm,Master Sridevi Tố Hải,Triết học - Tôn giáo - Tâm linh,FT1,1
635,Sushi cho người Mới Bắt Đầu,Marian Keyes,Văn học - Tiểu thuyết,FT1,1
636,Văn Minh Làm Giàu & Nguồn Gốc Của Cải,TS. Vương Quân Hoàng,Kinh tế - Quản trị,FT1,1
637,Chiến thắng con quỷ trong bạn,Napoleon Hill,Tâm lý - Giáo dục,FT1,1
638,Tín đồ Shopping oanh tạc Manhattan,Sophie Kinsella,Văn học - Tiểu thuyết,FT1,1
639,Project management essential Course,FPT Software,Học liệu,FT1,1
640,スピードマスター! 漢字検定2級 出題回数別 問題集: Speed Master! Sách bài tập theo số lần ra đề thi Hán tự cấp độ 2,Takahashi Shoten,Ngoại ngữ,FT1,1
641,Introduction to Management, Business and Marketing,Management Development Institute of Singapore,Học liệu,FT1,1
642,The Discover your True North,Nick Craig & Bill George & Scott Snook,Học liệu,FT1,1
643,ベトナム,池田浩明 (Ikeda Hiroaki),Ngoại ngữ,FT1,1
644,Không bao giờ là thất bại tất cả là thử thách,Chung Ju Yung,Hồi ký - Tiểu sử - Tự truyện,FT1,1
645,回転する熱帯 (The Spinning Tropics),望月飛鳥 (Aska Mochizuki),Ngoại ngữ,FT1,1
646,本試験型 漢字検定 1級 試験問題集 (Kiểu đề thi thật - Tuyển tập đề thi Kentei Kanji cấp 1),No,Ngoại ngữ,FT1,1
647,Kanji Kentei 3 kyu [Hinshutsudo Jun] Mondai-shuu (漢字検定 3級 [頻出度順]問題集) (Tuyển tập đề thi Kiểm định Hán tự cấp độ 3),No,Ngoại ngữ,FT1,1
648,奇貨,松浦理英子,Ngoại ngữ,FT1,1
649,Bản mẫu đề thi Kanken Cấp 2 (本試験型漢字検定2級試験問題集).,No,Ngoại ngữ,FT1,1
650,Kanji Kentei Jun 2-kyu Shutsudai Kaisubetsu Mondai Shu: Speed Master! (Bộ đề thi phân loại theo tần suất ra đề Kanji Kentei cấp độ tiền 2: Speed Master!,No,Ngoại ngữ,FT1,1
651,CD: Shin Nihongo no Kiso II,,Học liệu,FT1,1
652,漢字検定 準1級 試験問題集 2006年版,成美堂出版編集部,Ngoại ngữ,FT1,1
653,TOEFL,Michael A.Pyle, M.A. & Mary Ellen Munoz Page, M.A,Ngoại ngữ,FT1,1
654,Quốc gia khởi nghiệp,Dan Senor & Saul Singer,Kinh tế - Quản trị,FT1,2
656,Enlarging your vocabulary,NGUYỄN THANH CHƯƠNG,Ngoại ngữ,FT1,1
657,LUẬT TRÍ NÃO,John Medina,Kỹ năng mềm,FT1,1